score: 0,epsilon: 1
score: 50,epsilon: 1
score: 50,epsilon: 1
score: 75,epsilon: 1
score: 100,epsilon: 1
score: 125,epsilon: 1
score: 125,epsilon: 1
score: 125,epsilon: 1
score: 125,epsilon: 1
score: 150,epsilon: 1
score: 150,epsilon: 1
score: 150,epsilon: 1
score: 150,epsilon: 1
score: 150,epsilon: 1
score: 150,epsilon: 1
score: 175,epsilon: 1
score: 175,epsilon: 1
score: 175,epsilon: 1
score: 200,epsilon: 1
score: 200,epsilon: 1
score: 200,epsilon: 1
score: 100,epsilon: 1
score: 150,epsilon: 1
score: 150,epsilon: 1
score: 150,epsilon: 1
score: 150,epsilon: 0.9998100189987335
score: 150,epsilon: 0.9996200759898677
score: 150,epsilon: 0.9994301709658051
score: 150,epsilon: 0.9992403039189496
score: 175,epsilon: 0.9990504748417063
score: 75,epsilon: 0.9988606837264821
score: 100,epsilon: 0.9986709305656853
score: 100,epsilon: 0.9984812153517261
score: 125,epsilon: 0.9982915380770154
score: 25,epsilon: 0.9981018987339664
score: 75,epsilon: 0.9979122973149935
score: 75,epsilon: 0.9977227338125126
score: 75,epsilon: 0.9975332082189413
score: 75,epsilon: 0.9973437205266983
score: 75,epsilon: 0.9971542707282044
score: -25,epsilon: 0.9969648588158813
score: 0,epsilon: 0.9967754847821527
score: 0,epsilon: 0.9965861486194436
score: 0,epsilon: 0.9963968503201808
score: 0,epsilon: 0.9962075898767919
score: 0,epsilon: 0.9960183672817068
score: 0,epsilon: 0.9958291825273565
score: 0,epsilon: 0.9956400356061736
score: 0,epsilon: 0.9954509265105923
score: 25,epsilon: 0.9952618552330482
score: 25,epsilon: 0.9950728217659784
score: 25,epsilon: 0.9948838261018216
score: 25,epsilon: 0.994694868233018
score: 50,epsilon: 0.9945059481520092
score: 50,epsilon: 0.9943170658512385
score: 50,epsilon: 0.9941282213231506
score: 75,epsilon: 0.9939394145601915
score: 75,epsilon: 0.9937506455548093
score: 75,epsilon: 0.993561914299453
score: -25,epsilon: 0.9933732207865733
score: 25,epsilon: 0.9931845650086227
score: 25,epsilon: 0.9929959469580548
score: 25,epsilon: 0.9928073666273248
score: 25,epsilon: 0.9926188240088897
score: 25,epsilon: 0.9924303190952076
score: -75,epsilon: 0.9922418518787385
score: -25,epsilon: 0.9920534223519435
score: -25,epsilon: 0.9918650305072855
score: -125,epsilon: 0.9916766763372289
score: -75,epsilon: 0.9914883598342394
score: -75,epsilon: 0.9913000809907846
score: -75,epsilon: 0.991111839799333
score: -75,epsilon: 0.9909236362523552
score: -75,epsilon: 0.9907354703423229
score: -75,epsilon: 0.9905473420617097
score: -75,epsilon: 0.9903592514029902
score: -75,epsilon: 0.9901711983586408
score: -75,epsilon: 0.9899831829211395
score: -75,epsilon: 0.9897952050829658
score: -75,epsilon: 0.9896072648366003
score: -75,epsilon: 0.9894193621745254
score: -75,epsilon: 0.9892314970892253
score: -75,epsilon: 0.9890436695731851
score: -175,epsilon: 0.9888558796188919
score: -150,epsilon: 0.988668127218834
score: -150,epsilon: 0.9884804123655013
score: -125,epsilon: 0.9882927350513852
score: -125,epsilon: 0.9881050952689786
score: -125,epsilon: 0.987917493010776
score: -125,epsilon: 0.9877299282692732
score: -125,epsilon: 0.9875424010369677
score: -125,epsilon: 0.9873549113063583
score: -125,epsilon: 0.9871674590699455
score: -125,epsilon: 0.9869800443202312
score: -125,epsilon: 0.9867926670497188
score: -225,epsilon: 0.9866053272509132
score: -175,epsilon: 0.9864180249163208
score: -150,epsilon: 0.9862307600384496
score: -150,epsilon: 0.9860435326098088
score: -250,epsilon: 0.9858563426229096
score: -225,epsilon: 0.9856691900702641
score: -225,epsilon: 0.9854820749443863
score: -200,epsilon: 0.9852949972377917
score: -200,epsilon: 0.985107956942997
score: -200,epsilon: 0.9849209540525209
score: -200,epsilon: 0.9847339885588829
score: -200,epsilon: 0.9845470604546047
score: -200,epsilon: 0.9843601697322091
score: -200,epsilon: 0.9841733163842201
score: -200,epsilon: 0.9839865004031642
score: -200,epsilon: 0.9837997217815683
score: -300,epsilon: 0.9836129805119613
score: -275,epsilon: 0.9834262765868739
score: -250,epsilon: 0.9832396099988375
score: -225,epsilon: 0.9830529807403857
score: -225,epsilon: 0.9828663888040532
score: -225,epsilon: 0.9826798341823764
score: -225,epsilon: 0.9824933168678931
score: -225,epsilon: 0.9823068368531427
score: -225,epsilon: 0.9821203941306657
score: -225,epsilon: 0.9819339886930046
score: -225,epsilon: 0.9817476205327034
score: -225,epsilon: 0.9815612896423069
score: -200,epsilon: 0.9813749960143622
score: -200,epsilon: 0.9811887396414175
score: -200,epsilon: 0.9810025205160225
score: -200,epsilon: 0.9808163386307285
score: -200,epsilon: 0.980630193978088
score: -300,epsilon: 0.9804440865506555
score: -250,epsilon: 0.9802580163409866
score: -225,epsilon: 0.9800719833416385
score: -225,epsilon: 0.9798859875451698
score: -225,epsilon: 0.9797000289441407
score: -225,epsilon: 0.9795141075311129
score: -200,epsilon: 0.9793282232986495
score: -200,epsilon: 0.9791423762393152
score: -200,epsilon: 0.9789565663456761
score: -200,epsilon: 0.9787707936102997
score: -200,epsilon: 0.9785850580257552
score: -200,epsilon: 0.9783993595846132
score: -200,epsilon: 0.9782136982794457
score: -200,epsilon: 0.9780280741028262
score: -200,epsilon: 0.9778424870473299
score: -200,epsilon: 0.977656937105533
score: -200,epsilon: 0.9774714242700139
score: -200,epsilon: 0.9772859485333517
score: -175,epsilon: 0.9771005098881277
score: -150,epsilon: 0.9769151083269243
score: -125,epsilon: 0.9767297438423252
score: -125,epsilon: 0.976544416426916
score: -100,epsilon: 0.9763591260732837
score: -100,epsilon: 0.9761738727740165
score: -100,epsilon: 0.9759886565217042
score: -100,epsilon: 0.9758034773089385
score: -75,epsilon: 0.9756183351283119
score: -75,epsilon: 0.9754332299724188
score: -50,epsilon: 0.9752481618338551
score: -25,epsilon: 0.9750631307052179
score: -25,epsilon: 0.9748781365791062
score: -25,epsilon: 0.97469317944812
score: -25,epsilon: 0.9745082593048611
score: -25,epsilon: 0.9743233761419327
score: -25,epsilon: 0.9741385299519394
score: -25,epsilon: 0.9739537207274875
score: 0,epsilon: 0.9737689484611846
score: 0,epsilon: 0.9735842131456396
score: 0,epsilon: 0.9733995147734634
score: 0,epsilon: 0.9732148533372679
score: 0,epsilon: 0.9730302288296666
score: 0,epsilon: 0.9728456412432746
score: -100,epsilon: 0.9726610905707084
score: -75,epsilon: 0.9724765768045859
score: -75,epsilon: 0.9722920999375266
score: -50,epsilon: 0.9721076599621514
score: -25,epsilon: 0.9719232568710827
score: -25,epsilon: 0.9717388906569445
score: -25,epsilon: 0.971554561312362
score: -25,epsilon: 0.971370268829962
score: -25,epsilon: 0.9711860132023731
score: -125,epsilon: 0.9710017944222247
score: -75,epsilon: 0.9708176124821482
score: -75,epsilon: 0.9706334673747763
score: -175,epsilon: 0.9704493590927433
score: -150,epsilon: 0.9702652876286846
score: -125,epsilon: 0.9700812529752377
score: -125,epsilon: 0.969897255125041
score: -125,epsilon: 0.9697132940707346
score: -125,epsilon: 0.9695293698049602
score: -125,epsilon: 0.9693454823203606
score: -125,epsilon: 0.9691616316095805
score: -125,epsilon: 0.9689778176652657
score: -125,epsilon: 0.9687940404800637
score: -125,epsilon: 0.9686103000466234
score: -100,epsilon: 0.9684265963575954
score: -100,epsilon: 0.9682429294056313
score: -100,epsilon: 0.9680592991833845
score: -100,epsilon: 0.9678757056835098
score: -100,epsilon: 0.9676921488986634
score: -100,epsilon: 0.9675086288215032
score: -75,epsilon: 0.9673251454446882
score: -50,epsilon: 0.9671416987608791
score: -50,epsilon: 0.966958288762738
score: -150,epsilon: 0.9667749154429288
score: -125,epsilon: 0.9665915787941163
score: -125,epsilon: 0.966408278808967
score: -125,epsilon: 0.9662250154801488
score: -125,epsilon: 0.9660417888003315
score: -100,epsilon: 0.9658585987621859
score: -100,epsilon: 0.9656754453583843
score: -100,epsilon: 0.9654923285816008
score: -100,epsilon: 0.9653092484245105
score: -100,epsilon: 0.9651262048797902
score: -100,epsilon: 0.9649431979401182
score: -100,epsilon: 0.9647602275981743
score: -100,epsilon: 0.9645772938466396
score: -100,epsilon: 0.9643943966781968
score: -75,epsilon: 0.9642115360855299
score: -50,epsilon: 0.9640287120613247
score: -50,epsilon: 0.9638459245982679
score: -50,epsilon: 0.9636631736890484
score: -50,epsilon: 0.963480459326356
score: -150,epsilon: 0.9632977815028819
score: -100,epsilon: 0.9631151402113193
score: -100,epsilon: 0.9629325354443624
score: -200,epsilon: 0.9627499671947071
score: -150,epsilon: 0.9625674354550505
score: -125,epsilon: 0.9623849402180915
score: -125,epsilon: 0.9622024814765302
score: -125,epsilon: 0.9620200592230683
score: -125,epsilon: 0.9618376734504089
score: -100,epsilon: 0.9616553241512567
score: -100,epsilon: 0.9614730113183174
score: -100,epsilon: 0.9612907349442987
score: -100,epsilon: 0.9611084950219095
score: -100,epsilon: 0.9609262915438603
score: -100,epsilon: 0.960744124502863
score: -100,epsilon: 0.9605619938916306
score: -100,epsilon: 0.9603798997028781
score: -100,epsilon: 0.9601978419293217
score: -200,epsilon: 0.9600158205636791
score: -150,epsilon: 0.9598338355986695
score: -150,epsilon: 0.9596518870270134
score: -250,epsilon: 0.9594699748414329
score: -200,epsilon: 0.9592880990346516
score: -175,epsilon: 0.9591062595993943
score: -150,epsilon: 0.9589244565283876
score: -150,epsilon: 0.9587426898143592
score: -125,epsilon: 0.9585609594500385
score: -125,epsilon: 0.9583792654281564
score: -125,epsilon: 0.9581976077414449
score: -125,epsilon: 0.958015986382638
score: -225,epsilon: 0.9578344013444704
score: -175,epsilon: 0.9576528526196793
score: -150,epsilon: 0.9574713402010022
score: -150,epsilon: 0.957289864081179
score: -150,epsilon: 0.9571084242529503
score: -150,epsilon: 0.9569270207090588
score: -150,epsilon: 0.9567456534422483
score: -150,epsilon: 0.9565643224452639
score: -150,epsilon: 0.9563830277108525
score: -150,epsilon: 0.9562017692317625
score: -150,epsilon: 0.9560205470007433
score: -150,epsilon: 0.9558393610105461
score: -150,epsilon: 0.9556582112539236
score: -150,epsilon: 0.9554770977236295
score: -150,epsilon: 0.9552960204124195
score: -150,epsilon: 0.9551149793130504
score: -250,epsilon: 0.9549339744182807
score: -225,epsilon: 0.95475300572087
score: -200,epsilon: 0.9545720732135796
score: -200,epsilon: 0.9543911768891723
score: -300,epsilon: 0.9542103167404122
score: -250,epsilon: 0.9540294927600649
score: -250,epsilon: 0.9538487049408975
score: -250,epsilon: 0.9536679532756783
score: -250,epsilon: 0.9534872377571775
score: -250,epsilon: 0.9533065583781661
score: -250,epsilon: 0.9531259151314173
score: -250,epsilon: 0.9529453080097052
score: -250,epsilon: 0.9527647370058057
score: -250,epsilon: 0.9525842021124955
score: -250,epsilon: 0.9524037033225536
score: -250,epsilon: 0.9522232406287602
score: -250,epsilon: 0.9520428140238963
score: -250,epsilon: 0.951862423500745
score: -250,epsilon: 0.951682069052091
score: -350,epsilon: 0.9515017506707197
score: -325,epsilon: 0.9513214683494187
score: -300,epsilon: 0.9511412220809765
score: -300,epsilon: 0.9509610118581833
score: -300,epsilon: 0.9507808376738306
score: -300,epsilon: 0.9506006995207116
score: -300,epsilon: 0.9504205973916208
score: -300,epsilon: 0.9502405312793539
score: -300,epsilon: 0.9500605011767084
score: -300,epsilon: 0.949880507076483
score: -300,epsilon: 0.949700548971478
score: -275,epsilon: 0.9495206268544952
score: -250,epsilon: 0.9493407407183375
score: -225,epsilon: 0.9491608905558097
score: -225,epsilon: 0.9489810763597174
score: -225,epsilon: 0.9488012981228685
score: -225,epsilon: 0.9486215558380715
score: -225,epsilon: 0.9484418494981369
score: -225,epsilon: 0.9482621790958765
score: -325,epsilon: 0.9480825446241032
score: -300,epsilon: 0.9479029460756319
score: -300,epsilon: 0.9477233834432786
score: -275,epsilon: 0.9475438567198607
score: -275,epsilon: 0.9473643658981972
score: -275,epsilon: 0.9471849109711085
score: -275,epsilon: 0.9470054919314163
score: -275,epsilon: 0.9468261087719438
score: -275,epsilon: 0.946646761485516
score: -275,epsilon: 0.9464674500649586
score: -275,epsilon: 0.9462881745030994
score: -250,epsilon: 0.9461089347927673
score: -250,epsilon: 0.9459297309267927
score: -250,epsilon: 0.9457505628980074
score: -250,epsilon: 0.9455714306992448
score: -250,epsilon: 0.9453923343233395
score: -250,epsilon: 0.9452132737631277
score: -225,epsilon: 0.9450342490114471
score: -225,epsilon: 0.9448552600611364
score: -225,epsilon: 0.9446763069050362
score: -325,epsilon: 0.9444973895359886
score: -275,epsilon: 0.9443185079468366
score: -275,epsilon: 0.944139662130425
score: -275,epsilon: 0.9439608520796
score: -275,epsilon: 0.9437820777872092
score: -275,epsilon: 0.9436033392461017
score: -275,epsilon: 0.9434246364491279
score: -275,epsilon: 0.9432459693891396
score: -275,epsilon: 0.9430673380589902
score: -275,epsilon: 0.9428887424515344
score: -275,epsilon: 0.9427101825596286
score: -275,epsilon: 0.9425316583761301
score: -275,epsilon: 0.9423531698938981
score: -375,epsilon: 0.9421747171057928
score: -325,epsilon: 0.9419963000046766
score: -325,epsilon: 0.9418179185834124
score: -300,epsilon: 0.941639572834865
score: -300,epsilon: 0.9414612627519008
score: -300,epsilon: 0.9412829883273871
score: -300,epsilon: 0.941104749554193
score: -300,epsilon: 0.9409265464251891
score: -400,epsilon: 0.9407483789332471
score: -375,epsilon: 0.9405702470712405
score: -375,epsilon: 0.9403921508320439
score: -350,epsilon: 0.9402140902085333
score: -325,epsilon: 0.9400360651935865
score: -325,epsilon: 0.9398580757800824
score: -325,epsilon: 0.9396801219609014
score: -325,epsilon: 0.9395022037289256
score: -325,epsilon: 0.9393243210770379
score: -325,epsilon: 0.9391464739981232
score: -325,epsilon: 0.9389686624850676
score: -325,epsilon: 0.9387908865307586
score: -325,epsilon: 0.9386131461280852
score: -325,epsilon: 0.9384354412699377
score: -325,epsilon: 0.9382577719492081
score: -325,epsilon: 0.9380801381587894
score: -325,epsilon: 0.9379025398915762
score: -325,epsilon: 0.937724977140465
score: -325,epsilon: 0.9375474498983528
score: -325,epsilon: 0.937369958158139
score: -425,epsilon: 0.9371925019127233
score: -400,epsilon: 0.9370150811550079
score: -375,epsilon: 0.9368376958778959
score: -350,epsilon: 0.9366603460742918
score: -350,epsilon: 0.9364830317371018
score: -350,epsilon: 0.9363057528592331
score: -350,epsilon: 0.9361285094335946
score: -350,epsilon: 0.9359513014530967
score: -350,epsilon: 0.9357741289106508
score: -350,epsilon: 0.9355969917991703
score: -325,epsilon: 0.9354198901115696
score: -325,epsilon: 0.9352428238407645
score: -300,epsilon: 0.9350657929796725
score: -275,epsilon: 0.9348887975212126
score: -275,epsilon: 0.9347118374583044
score: -275,epsilon: 0.9345349127838699
score: -275,epsilon: 0.9343580234908321
score: -275,epsilon: 0.9341811695721153
score: -275,epsilon: 0.9340043510206455
score: -275,epsilon: 0.9338275678293497
score: -275,epsilon: 0.9336508199911568
score: -275,epsilon: 0.9334741074989968
score: -275,epsilon: 0.9332974303458013
score: -275,epsilon: 0.9331207885245031
score: -275,epsilon: 0.9329441820280365
score: -275,epsilon: 0.9327676108493373
score: -275,epsilon: 0.9325910749813427
score: -275,epsilon: 0.9324145744169912
score: -275,epsilon: 0.9322381091492229
score: -275,epsilon: 0.9320616791709789
score: -275,epsilon: 0.9318852844752022
score: -275,epsilon: 0.9317089250548372
score: -250,epsilon: 0.9315326009028291
score: -350,epsilon: 0.9313563120121252
score: -300,epsilon: 0.931180058375674
score: -275,epsilon: 0.9310038399864252
score: -250,epsilon: 0.93082765683733
score: -250,epsilon: 0.9306515089213414
score: -250,epsilon: 0.9304753962314132
score: -350,epsilon: 0.9302993187605009
score: -300,epsilon: 0.9301232765015615
score: -300,epsilon: 0.9299472694475532
score: -300,epsilon: 0.929771297591436
score: -300,epsilon: 0.9295953609261706
score: -300,epsilon: 0.9294194594447198
score: -300,epsilon: 0.9292435931400476
score: -275,epsilon: 0.9290677620051192
score: -275,epsilon: 0.9288919660329014
score: -275,epsilon: 0.9287162052163623
score: -275,epsilon: 0.9285404795484716
score: -275,epsilon: 0.9283647890222002
score: -275,epsilon: 0.9281891336305205
score: -375,epsilon: 0.928013513366406
score: -325,epsilon: 0.9278379282228324
score: -300,epsilon: 0.927662378192776
score: -300,epsilon: 0.9274868632692149
score: -400,epsilon: 0.9273113834451284
score: -350,epsilon: 0.9271359387134974
score: -350,epsilon: 0.926960529067304
score: -350,epsilon: 0.9267851544995319
score: -350,epsilon: 0.9266098150031661
score: -350,epsilon: 0.9264345105711931
score: -350,epsilon: 0.9262592411966005
score: -350,epsilon: 0.9260840068723777
score: -450,epsilon: 0.9259088075915153
score: -400,epsilon: 0.9257336433470053
score: -400,epsilon: 0.9255585141318412
score: -400,epsilon: 0.9253834199390177
score: -400,epsilon: 0.9252083607615312
score: -375,epsilon: 0.9250333365923792
score: -475,epsilon: 0.9248583474245609
score: -450,epsilon: 0.9246833932510764
score: -425,epsilon: 0.9245084740649279
score: -425,epsilon: 0.9243335898591184
score: -525,epsilon: 0.9241587406266527
score: -475,epsilon: 0.9239839263605367
score: -450,epsilon: 0.9238091470537779
score: -425,epsilon: 0.923634402699385
score: -425,epsilon: 0.9234596932903685
score: -425,epsilon: 0.9232850188197397
score: -425,epsilon: 0.9231103792805119
score: -525,epsilon: 0.9229357746656992
score: -475,epsilon: 0.9227612049683177
score: -450,epsilon: 0.9225866701813845
score: -450,epsilon: 0.9224121702979182
score: -450,epsilon: 0.9222377053109388
score: -450,epsilon: 0.9220632752134679
score: -450,epsilon: 0.9218888799985281
score: -450,epsilon: 0.9217145196591434
score: -550,epsilon: 0.9215401941883398
score: -525,epsilon: 0.9213659035791439
score: -525,epsilon: 0.9211916478245845
score: -525,epsilon: 0.921017426917691
score: -525,epsilon: 0.9208432408514946
score: -500,epsilon: 0.9206690896190282
score: -500,epsilon: 0.9204949732133253
score: -500,epsilon: 0.9203208916274215
score: -500,epsilon: 0.9201468448543535
score: -475,epsilon: 0.9199728328871594
score: -475,epsilon: 0.9197988557188786
score: -475,epsilon: 0.9196249133425524
score: -475,epsilon: 0.9194510057512226
score: -475,epsilon: 0.9192771329379333
score: -475,epsilon: 0.9191032948957294
score: -475,epsilon: 0.9189294916176575
score: -575,epsilon: 0.9187557230967652
score: -550,epsilon: 0.918581989326102
score: -525,epsilon: 0.9184082902987185
score: -525,epsilon: 0.9182346260076668
score: -525,epsilon: 0.9180609964460001
score: -525,epsilon: 0.9178874016067736
score: -525,epsilon: 0.9177138414830431
score: -525,epsilon: 0.9175403160678663
score: -625,epsilon: 0.9173668253543025
score: -575,epsilon: 0.9171933693354117
score: -575,epsilon: 0.9170199480042558
score: -575,epsilon: 0.916846561353898
score: -575,epsilon: 0.9166732093774027
score: -575,epsilon: 0.9164998920678359
score: -575,epsilon: 0.9163266094182649
score: -575,epsilon: 0.9161533614217584
score: -575,epsilon: 0.9159801480713865
score: -575,epsilon: 0.9158069693602204
score: -550,epsilon: 0.9156338252813335
score: -650,epsilon: 0.9154607158277996
score: -625,epsilon: 0.9152876409926946
score: -625,epsilon: 0.9151146007690951
score: -625,epsilon: 0.9149415951500799
score: -625,epsilon: 0.9147686241287286
score: -625,epsilon: 0.9145956876981224
score: -600,epsilon: 0.9144227858513437
score: -600,epsilon: 0.9142499185814766
score: -600,epsilon: 0.9140770858816065
score: -600,epsilon: 0.9139042877448198
score: -600,epsilon: 0.9137315241642049
score: -575,epsilon: 0.9135587951328509
score: -575,epsilon: 0.913386100643849
score: -575,epsilon: 0.913213440690291
score: -675,epsilon: 0.9130408152652709
score: -625,epsilon: 0.9128682243618834
score: -600,epsilon: 0.9126956679732252
score: -700,epsilon: 0.9125231460923936
score: -675,epsilon: 0.9123506587124881
score: -675,epsilon: 0.912178205826609
score: -675,epsilon: 0.9120057874278583
score: -675,epsilon: 0.9118334035093392
score: -650,epsilon: 0.9116610540641564
score: -650,epsilon: 0.9114887390854157
score: -750,epsilon: 0.9113164585662249
score: -725,epsilon: 0.9111442124996925
score: -700,epsilon: 0.9109720008789286
score: -700,epsilon: 0.9107998236970449
score: -700,epsilon: 0.9106276809471543
score: -700,epsilon: 0.9104555726223711
score: -700,epsilon: 0.9102834987158108
score: -700,epsilon: 0.9101114592205907
score: -700,epsilon: 0.909939454129829
score: -700,epsilon: 0.9097674834366455
score: -700,epsilon: 0.9095955471341616
score: -700,epsilon: 0.9094236452154997
score: -700,epsilon: 0.9092517776737836
score: -700,epsilon: 0.9090799445021388
score: -700,epsilon: 0.9089081456936918
score: -675,epsilon: 0.908736381241571
score: -675,epsilon: 0.9085646511389053
score: -675,epsilon: 0.9083929553788258
score: -650,epsilon: 0.9082212939544647
score: -650,epsilon: 0.9080496668589554
score: -650,epsilon: 0.907878074085433
score: -650,epsilon: 0.9077065156270336
score: -650,epsilon: 0.907534991476895
score: -650,epsilon: 0.907363501628156
score: -625,epsilon: 0.9071920460739573
score: -625,epsilon: 0.9070206248074407
score: -625,epsilon: 0.906849237821749
score: -625,epsilon: 0.906677885110027
score: -625,epsilon: 0.9065065666654206
score: -625,epsilon: 0.9063352824810769
score: -625,epsilon: 0.9061640325501444
score: -725,epsilon: 0.9059928168657737
score: -675,epsilon: 0.9058216354211156
score: -650,epsilon: 0.905650488209323
score: -750,epsilon: 0.90547937522355
score: -725,epsilon: 0.9053082964569523
score: -725,epsilon: 0.9051372519026866
score: -725,epsilon: 0.9049662415539108
score: -700,epsilon: 0.904795265403785
score: -700,epsilon: 0.90462432344547
score: -700,epsilon: 0.9044534156721279
score: -700,epsilon: 0.9042825420769225
score: -700,epsilon: 0.904111702653019
score: -700,epsilon: 0.9039408973935837
score: -700,epsilon: 0.9037701262917844
score: -700,epsilon: 0.9035993893407902
score: -700,epsilon: 0.9034286865337718
score: -700,epsilon: 0.903258017863901
score: -700,epsilon: 0.9030873833243509
score: -700,epsilon: 0.9029167829082964
score: -700,epsilon: 0.9027462166089132
score: -700,epsilon: 0.9025756844193787
score: -700,epsilon: 0.9024051863328718
score: -800,epsilon: 0.9022347223425725
score: -750,epsilon: 0.9020642924416622
score: -750,epsilon: 0.9018938966233236
score: -750,epsilon: 0.9017235348807411
score: -850,epsilon: 0.9015532072071001
score: -800,epsilon: 0.9013829135955875
score: -775,epsilon: 0.9012126540393914
score: -775,epsilon: 0.9010424285317018
score: -775,epsilon: 0.9008722370657094
score: -775,epsilon: 0.9007020796346066
score: -750,epsilon: 0.900531956231587
score: -750,epsilon: 0.9003618668498458
score: -750,epsilon: 0.9001918114825794
score: -750,epsilon: 0.9000217901229857
score: -750,epsilon: 0.8998518027642635
score: -850,epsilon: 0.8996818493996137
score: -825,epsilon: 0.8995119300222378
score: -825,epsilon: 0.8993420446253394
score: -825,epsilon: 0.8991721932021228
score: -825,epsilon: 0.8990023757457941
score: -825,epsilon: 0.8988325922495605
score: -800,epsilon: 0.8986628427066308
score: -800,epsilon: 0.8984931271102148
score: -800,epsilon: 0.898323445453524
score: -800,epsilon: 0.8981537977297711
score: -800,epsilon: 0.8979841839321703
score: -800,epsilon: 0.897814604053937
score: -800,epsilon: 0.8976450580882879
score: -800,epsilon: 0.8974755460284413
score: -800,epsilon: 0.8973060678676166
score: -800,epsilon: 0.8971366235990347
score: -800,epsilon: 0.896967213215918
score: -800,epsilon: 0.8967978367114897
score: -775,epsilon: 0.8966284940789752
score: -775,epsilon: 0.8964591853116005
score: -775,epsilon: 0.8962899104025934
score: -750,epsilon: 0.8961206693451828
score: -725,epsilon: 0.895951462132599
score: -725,epsilon: 0.8957822887580738
score: -725,epsilon: 0.8956131492148403
score: -725,epsilon: 0.8954440434961329
score: -700,epsilon: 0.8952749715951873
score: -700,epsilon: 0.8951059335052408
score: -700,epsilon: 0.8949369292195317
score: -800,epsilon: 0.8947679587312998
score: -775,epsilon: 0.8945990220337864
score: -750,epsilon: 0.894430119120234
score: -750,epsilon: 0.8942612499838865
score: -750,epsilon: 0.8940924146179892
score: -750,epsilon: 0.8939236130157885
score: -750,epsilon: 0.8937548451705323
score: -750,epsilon: 0.8935861110754701
score: -750,epsilon: 0.8934174107238526
score: -750,epsilon: 0.8932487441089315
score: -750,epsilon: 0.8930801112239604
score: -750,epsilon: 0.8929115120621937
score: -725,epsilon: 0.8927429466168877
score: -700,epsilon: 0.8925744148812996
score: -700,epsilon: 0.8924059168486883
score: -700,epsilon: 0.8922374525123138
score: -675,epsilon: 0.8920690218654375
score: -675,epsilon: 0.891900624901322
score: -675,epsilon: 0.8917322616132318
score: -775,epsilon: 0.8915639319944321
score: -725,epsilon: 0.8913956360381898
score: -725,epsilon: 0.8912273737377732
score: -725,epsilon: 0.8910591450864515
score: -725,epsilon: 0.8908909500774957
score: -725,epsilon: 0.8907227887041781
score: -725,epsilon: 0.8905546609597721
score: -725,epsilon: 0.8903865668375528
score: -725,epsilon: 0.890218506330796
score: -700,epsilon: 0.8900504794327798
score: -700,epsilon: 0.8898824861367828
score: -700,epsilon: 0.8897145264360854
score: -800,epsilon: 0.8895466003239691
score: -775,epsilon: 0.8893787077937171
score: -750,epsilon: 0.8892108488386133
score: -750,epsilon: 0.8890430234519437
score: -750,epsilon: 0.8888752316269951
score: -750,epsilon: 0.8887074733570559
score: -750,epsilon: 0.8885397486354157
score: -750,epsilon: 0.8883720574553657
score: -750,epsilon: 0.8882043998101979
score: -750,epsilon: 0.8880367756932063
score: -750,epsilon: 0.8878691850976859
score: -750,epsilon: 0.887701628016933
score: -750,epsilon: 0.8875341044442453
score: -750,epsilon: 0.8873666143729219
score: -750,epsilon: 0.887199157796263
score: -850,epsilon: 0.8870317347075708
score: -825,epsilon: 0.886864345100148
score: -825,epsilon: 0.8866969889672991
score: -825,epsilon: 0.8865296663023299
score: -825,epsilon: 0.8863623770985475
score: -800,epsilon: 0.8861951213492602
score: -775,epsilon: 0.8860278990477778
score: -775,epsilon: 0.8858607101874116
score: -775,epsilon: 0.8856935547614739
score: -775,epsilon: 0.8855264327632785
score: -750,epsilon: 0.8853593441861406
score: -750,epsilon: 0.8851922890233765
score: -750,epsilon: 0.885025267268304
score: -850,epsilon: 0.8848582789142424
score: -825,epsilon: 0.884691323954512
score: -825,epsilon: 0.8845244023824348
score: -800,epsilon: 0.8843575141913337
score: -800,epsilon: 0.8841906593745332
score: -800,epsilon: 0.8840238379253593
score: -800,epsilon: 0.883857049837139
score: -800,epsilon: 0.8836902951032009
score: -800,epsilon: 0.8835235737168746
score: -800,epsilon: 0.8833568856714914
score: -800,epsilon: 0.8831902309603837
score: -900,epsilon: 0.8830236095768854
score: -850,epsilon: 0.8828570215143315
score: -825,epsilon: 0.8826904667660587
score: -925,epsilon: 0.8825239453254046
score: -900,epsilon: 0.8823574571857085
score: -900,epsilon: 0.8821910023403107
score: -900,epsilon: 0.8820245807825532
score: -875,epsilon: 0.881858192505779
score: -975,epsilon: 0.8816918375033326
score: -925,epsilon: 0.8815255157685598
score: -925,epsilon: 0.8813592272948078
score: -925,epsilon: 0.881192972075425
score: -925,epsilon: 0.8810267501037611
score: -925,epsilon: 0.8808605613731673
score: -925,epsilon: 0.8806944058769962
score: -925,epsilon: 0.8805282836086014
score: -925,epsilon: 0.880362194561338
score: -925,epsilon: 0.8801961387285625
score: -925,epsilon: 0.8800301161036327
score: -925,epsilon: 0.8798641266799077
score: -925,epsilon: 0.8796981704507478
score: -925,epsilon: 0.8795322474095149
score: -925,epsilon: 0.8793663575495719
score: -925,epsilon: 0.8792005008642834
score: -925,epsilon: 0.879034677347015
score: -900,epsilon: 0.8788688869911337
score: -875,epsilon: 0.8787031297900082
score: -850,epsilon: 0.8785374057370079
score: -850,epsilon: 0.8783717148255039
score: -850,epsilon: 0.8782060570488687
score: -850,epsilon: 0.8780404324004759
score: -850,epsilon: 0.8778748408737004
score: -825,epsilon: 0.8777092824619187
score: -825,epsilon: 0.8775437571585084
score: -825,epsilon: 0.8773782649568486
score: -825,epsilon: 0.8772128058503194
score: -825,epsilon: 0.8770473798323025
score: -825,epsilon: 0.876881986896181
score: -825,epsilon: 0.8767166270353389
score: -925,epsilon: 0.8765513002431622
score: -875,epsilon: 0.8763860065130377
score: -850,epsilon: 0.8762207458383533
score: -950,epsilon: 0.876055518212499
score: -925,epsilon: 0.8758903236288655
score: -900,epsilon: 0.875725162080845
score: -1000,epsilon: 0.8755600335618312
score: -950,epsilon: 0.8753949380652188
score: -950,epsilon: 0.8752298755844041
score: -950,epsilon: 0.8750648461127845
score: -950,epsilon: 0.8748998496437588
score: -950,epsilon: 0.8747348861707273
score: -950,epsilon: 0.8745699556870912
score: -950,epsilon: 0.8744050581862536
score: -950,epsilon: 0.8742401936616183
score: -950,epsilon: 0.874075362106591
score: -950,epsilon: 0.8739105635145782
score: -925,epsilon: 0.8737457978789881
score: -900,epsilon: 0.8735810651932299
score: -900,epsilon: 0.8734163654507144
score: -900,epsilon: 0.8732516986448539
score: -900,epsilon: 0.8730870647690613
score: -900,epsilon: 0.8729224638167513
score: -900,epsilon: 0.8727578957813401
score: -900,epsilon: 0.8725933606562447
score: -1000,epsilon: 0.872428858434884
score: -950,epsilon: 0.8722643891106777
score: -925,epsilon: 0.8720999526770471
score: -925,epsilon: 0.8719355491274146
score: -925,epsilon: 0.8717711784552042
score: -925,epsilon: 0.8716068406538412
score: -925,epsilon: 0.8714425357167517
score: -925,epsilon: 0.8712782636373638
score: -925,epsilon: 0.8711140244091067
score: -925,epsilon: 0.8709498180254106
score: -925,epsilon: 0.8707856444797074
score: -1025,epsilon: 0.87062150376543
score: -1000,epsilon: 0.8704573958760129
score: -975,epsilon: 0.8702933208048916
score: -975,epsilon: 0.8701292785455035
score: -975,epsilon: 0.8699652690912865
score: -975,epsilon: 0.8698012924356804
score: -975,epsilon: 0.8696373485721262
score: -975,epsilon: 0.8694734374940658
score: -975,epsilon: 0.8693095591949431
score: -975,epsilon: 0.869145713668203
score: -975,epsilon: 0.8689819009072914
score: -975,epsilon: 0.8688181209056561
score: -975,epsilon: 0.8686543736567458
score: -1075,epsilon: 0.8684906591540104
score: -1050,epsilon: 0.8683269773909015
score: -1025,epsilon: 0.8681633283608717
score: -1000,epsilon: 0.8679997120573754
score: -975,epsilon: 0.8678361284738675
score: -975,epsilon: 0.8676725776038049
score: -975,epsilon: 0.8675090594406456
score: -975,epsilon: 0.8673455739778487
score: -975,epsilon: 0.8671821212088748
score: -975,epsilon: 0.8670187011271859
score: -1075,epsilon: 0.8668553137262452
score: -1025,epsilon: 0.8666919589995171
score: -1000,epsilon: 0.8665286369404676
score: -1100,epsilon: 0.8663653475425636
score: -1050,epsilon: 0.8662020907992736
score: -1050,epsilon: 0.8660388667040673
score: -1050,epsilon: 0.8658756752504158
score: -1050,epsilon: 0.8657125164317915
score: -1050,epsilon: 0.8655493902416679
score: -1050,epsilon: 0.86538629667352
score: -1050,epsilon: 0.8652232357208242
score: -1050,epsilon: 0.8650602073770577
score: -1150,epsilon: 0.8648972116356998
score: -1100,epsilon: 0.8647342484902304
score: -1100,epsilon: 0.864571317934131
score: -1100,epsilon: 0.8644084199608846
score: -1100,epsilon: 0.864245554563975
score: -1100,epsilon: 0.8640827217368877
score: -1100,epsilon: 0.8639199214731094
score: -1100,epsilon: 0.863757153766128
score: -1200,epsilon: 0.8635944186094329
score: -1150,epsilon: 0.8634317159965147
score: -1125,epsilon: 0.8632690459208651
score: -1225,epsilon: 0.8631064083759775
score: -1175,epsilon: 0.8629438033553465
score: -1175,epsilon: 0.8627812308524675
score: -1275,epsilon: 0.862618690860838
score: -1225,epsilon: 0.8624561833739562
score: -1225,epsilon: 0.8622937083853219
score: -1225,epsilon: 0.862131265888436
score: -1225,epsilon: 0.8619688558768008
score: -1325,epsilon: 0.86180647834392
score: -1275,epsilon: 0.8616441332832985
score: -1275,epsilon: 0.8614818206884424
score: -1250,epsilon: 0.8613195405528591
score: -1250,epsilon: 0.8611572928700576
score: -1250,epsilon: 0.860995077633548
score: -1225,epsilon: 0.8608328948368416
score: -1200,epsilon: 0.860670744473451
score: -1200,epsilon: 0.8605086265368904
score: -1200,epsilon: 0.860346541020675
score: -1200,epsilon: 0.8601844879183212
score: -1200,epsilon: 0.8600224672233471
score: -1200,epsilon: 0.8598604789292719
score: -1200,epsilon: 0.8596985230296158
score: -1200,epsilon: 0.8595365995179007
score: -1200,epsilon: 0.8593747083876498
score: -1200,epsilon: 0.8592128496323873
score: -1200,epsilon: 0.859051023245639
score: -1200,epsilon: 0.8588892292209316
score: -1175,epsilon: 0.8587274675517935
score: -1175,epsilon: 0.8585657382317544
score: -1275,epsilon: 0.8584040412543447
score: -1250,epsilon: 0.8582423766130969
score: -1250,epsilon: 0.8580807443015441
score: -1225,epsilon: 0.8579191443132214
score: -1200,epsilon: 0.8577575766416644
score: -1175,epsilon: 0.8575960412804107
score: -1175,epsilon: 0.8574345382229986
score: -1175,epsilon: 0.8572730674629684
score: -1275,epsilon: 0.8571116289938607
score: -1250,epsilon: 0.8569502228092184
score: -1250,epsilon: 0.8567888489025852
score: -1250,epsilon: 0.856627507267506
score: -1225,epsilon: 0.8564661978975272
score: -1200,epsilon: 0.8563049207861965
score: -1175,epsilon: 0.8561436759270625
score: -1175,epsilon: 0.8559824633136758
score: -1175,epsilon: 0.8558212829395878
score: -1275,epsilon: 0.8556601347983512
score: -1250,epsilon: 0.8554990188835201
score: -1250,epsilon: 0.8553379351886498
score: -1250,epsilon: 0.855176883707297
score: -1225,epsilon: 0.8550158644330198
score: -1200,epsilon: 0.854854877359377
score: -1175,epsilon: 0.8546939224799296
score: -1175,epsilon: 0.8545329997882393
score: -1175,epsilon: 0.854372109277869
score: -1175,epsilon: 0.8542112509423831
score: -1175,epsilon: 0.8540504247753474
score: -1175,epsilon: 0.8538896307703289
score: -1175,epsilon: 0.8537288689208956
score: -1175,epsilon: 0.8535681392206171
score: -1275,epsilon: 0.8534074416630645
score: -1225,epsilon: 0.8532467762418096
score: -1225,epsilon: 0.8530861429504258
score: -1225,epsilon: 0.8529255417824879
score: -1325,epsilon: 0.8527649727315717
score: -1300,epsilon: 0.8526044357912544
score: -1275,epsilon: 0.852443930955115
score: -1275,epsilon: 0.8522834582167327
score: -1275,epsilon: 0.8521230175696888
score: -1375,epsilon: 0.8519626090075657
score: -1325,epsilon: 0.8518022325239472
score: -1300,epsilon: 0.851641888112418
score: -1275,epsilon: 0.8514815757665646
score: -1275,epsilon: 0.8513212954799741
score: -1250,epsilon: 0.8511610472462356
score: -1250,epsilon: 0.8510008310589392
score: -1250,epsilon: 0.850840646911676
score: -1250,epsilon: 0.8506804947980389
score: -1250,epsilon: 0.8505203747116217
score: -1250,epsilon: 0.8503602866460195
score: -1350,epsilon: 0.850200230594829
score: -1300,epsilon: 0.8500402065516478
score: -1300,epsilon: 0.8498802145100749
score: -1400,epsilon: 0.8497202544637107
score: -1350,epsilon: 0.8495603264061569
score: -1325,epsilon: 0.8494004303310162
score: -1425,epsilon: 0.8492405662318927
score: -1400,epsilon: 0.849080734102392
score: -1400,epsilon: 0.8489209339361209
score: -1400,epsilon: 0.8487611657266873
score: -1400,epsilon: 0.8486014294677002
score: -1400,epsilon: 0.8484417251527704
score: -1400,epsilon: 0.8482820527755098
score: -1400,epsilon: 0.8481224123295316
score: -1400,epsilon: 0.8479628038084497
score: -1375,epsilon: 0.8478032272058802
score: -1375,epsilon: 0.8476436825154399
score: -1375,epsilon: 0.847484169730747
score: -1375,epsilon: 0.847324688845421
score: -1375,epsilon: 0.8471652398530827
score: -1375,epsilon: 0.847005822747354
score: -1350,epsilon: 0.8468464375218583
score: -1350,epsilon: 0.8466870841702202
score: -1350,epsilon: 0.8465277626860658
score: -1350,epsilon: 0.8463684730630218
score: -1350,epsilon: 0.8462092152947169
score: -1350,epsilon: 0.8460499893747807
score: -1350,epsilon: 0.8458907952968442
score: -1350,epsilon: 0.8457316330545396
score: -1450,epsilon: 0.8455725026415004
score: -1425,epsilon: 0.8454134040513615
score: -1400,epsilon: 0.8452543372777588
score: -1375,epsilon: 0.8450953023143296
score: -1375,epsilon: 0.8449362991547128
score: -1375,epsilon: 0.844777327792548
score: -1375,epsilon: 0.8446183882214764
score: -1375,epsilon: 0.8444594804351404
score: -1375,epsilon: 0.8443006044271837
score: -1375,epsilon: 0.8441417601912513
score: -1375,epsilon: 0.8439829477209895
score: -1375,epsilon: 0.8438241670100457
score: -1375,epsilon: 0.8436654180520687
